{
	"credit": "Made with Blockbench",
	"texture_size": [32, 32],
	"textures": {
		"0": "./toolbox",
		"particle": "./toolbox"
	},
	"elements": [
		{
			"from": [8, 8, 3],
			"to": [8, 11, 13],
			"rotation": {"angle": 0, "axis": "y", "origin": [16.5, 16, 10.5]},
			"faces": {
				"north": {"uv": [0, 0, 0, 2], "texture": "#0"},
				"east": {"uv": [10.5, 4, 15.5, 5.5], "texture": "#0"},
				"south": {"uv": [0, 0, 0, 2], "texture": "#0"},
				"west": {"uv": [15.5, 4, 10.5, 5.5], "texture": "#0"},
				"up": {"uv": [0, 0, 0, 6], "texture": "#0"},
				"down": {"uv": [0, 0, 0, 6], "texture": "#0"}
			}
		},
		{
			"from": [4.5, 0, 1],
			"to": [11.5, 8, 15],
			"rotation": {"angle": 0, "axis": "y", "origin": [13, 8, 8]},
			"faces": {
				"north": {"uv": [0, 4, 3.5, 8], "texture": "#0"},
				"east": {"uv": [0, 0, 7, 4], "texture": "#0"},
				"south": {"uv": [3.5, 4, 0, 8], "texture": "#0"},
				"west": {"uv": [7, 0, 14, 4], "texture": "#0"},
				"up": {"uv": [10.5, 4, 3.5, 7.5], "rotation": 270, "texture": "#0"},
				"down": {"uv": [3.5, 7.5, 10.5, 11], "rotation": 90, "texture": "#0"}
			}
		},
		{
			"from": [11.5, 3, 7],
			"to": [12.5, 6, 9],
			"rotation": {"angle": 0, "axis": "y", "origin": [20, 10, 14]},
			"faces": {
				"north": {"uv": [14.5, 0, 15, 1.5], "texture": "#0"},
				"east": {"uv": [14, 0, 15, 1.5], "texture": "#0"},
				"south": {"uv": [14.5, 0, 14, 1.5], "texture": "#0"},
				"up": {"uv": [14, 0, 15, 0.5], "rotation": 270, "texture": "#0"},
				"down": {"uv": [14, 1, 15, 1.5], "rotation": 90, "texture": "#0"}
			}
		}
	],
	"display": {
		"thirdperson_righthand": {
			"rotation": [80, 0, 7.5],
			"translation": [0.5, -2, -0.75]
		},
		"thirdperson_lefthand": {
			"rotation": [85, -85, 22.5],
			"translation": [-6, 4.5, 7]
		},
		"firstperson_righthand": {
			"rotation": [0, -2.5, 0],
			"translation": [0, -1.5, 0.25]
		},
		"firstperson_lefthand": {
			"rotation": [-15, 85, 7.5],
			"translation": [-5.25, 4.75, 2.75]
		},
		"ground": {
			"translation": [0, 5.5, 0]
		},
		"gui": {
			"rotation": [30, 225, 0],
			"translation": [0, 3, 0],
			"scale": [0.85, 0.85, 0.85]
		},
		"head": {
			"translation": [0, 19.2, 0],
			"scale": [1.6, 1.6, 1.6]
		},
		"fixed": {
			"rotation": [-90, 0, 0],
			"translation": [-1, 0, -14],
			"scale": [2.01, 2.01, 2.01]
		}
	}
}