{
	"credit": "Made with Blockbench",
	"textures": {
		"0": "custom/block/books",
		"1": "custom/block/books_2",
		"particle": "custom/block/books"
	},
	"elements": [
		{
			"from": [3, 0, 0],
			"to": [15, 3, 9],
			"rotation": {"angle": 22.5, "axis": "y", "origin": [11, 8, 8]},
			"faces": {
				"north": {"uv": [2, 3, 14, 6], "texture": "#1"},
				"east": {"uv": [0, 3, 9, 6], "texture": "#1"},
				"south": {"uv": [0, 0, 12, 3], "texture": "#1"},
				"west": {"uv": [0, 3, 9, 6], "rotation": 180, "texture": "#1"},
				"up": {"uv": [0, 7, 12, 16], "texture": "#1"},
				"down": {"uv": [0, 7, 12, 16], "texture": "#1"}
			}
		},
		{
			"from": [3, 3, 6],
			"to": [12, 6, 18],
			"rotation": {"angle": 22.5, "axis": "x", "origin": [11, 11, 10]},
			"faces": {
				"north": {"uv": [0, 3, 9, 6], "texture": "#0"},
				"east": {"uv": [0, 0, 12, 3], "texture": "#0"},
				"south": {"uv": [0, 3, 9, 6], "rotation": 180, "texture": "#0"},
				"west": {"uv": [2, 3, 14, 6], "texture": "#0"},
				"up": {"uv": [0, 7, 12, 16], "rotation": 270, "texture": "#0"},
				"down": {"uv": [0, 7, 12, 16], "rotation": 90, "texture": "#0"}
			}
		}
	],
	"display": {
		"firstperson_righthand": {
			"translation": [0, 4, 0]
		},
		"gui": {
			"rotation": [45, 0, 0],
			"translation": [0, 3, 0]
		}
	}
}