{
	"credit": "Made with Blockbench",
	"textures": {
		"0": "custom/block/paper",
		"particle": "custom/block/paper"
	},
	"elements": [
		{
			"from": [4, 0.1, 0],
			"to": [12, 0.1, 11],
			"rotation": {"angle": 22.5, "axis": "y", "origin": [14, 8.1, 8]},
			"faces": {
				"north": {"uv": [0, 0, 8, 0], "texture": "#0"},
				"east": {"uv": [0, 0, 11, 0], "texture": "#0"},
				"south": {"uv": [0, 0, 8, 0], "texture": "#0"},
				"west": {"uv": [0, 0, 11, 0], "texture": "#0"},
				"up": {"uv": [0, 0, 8, 11], "texture": "#0"},
				"down": {"uv": [0, 0, 8, 11], "texture": "#0"}
			}
		}
	],
	"display": {
		"firstperson_righthand": {
			"translation": [0, 4, 0]
		},
		"gui": {
			"rotation": [45, 0, 0],
			"translation": [0, 3, 0]
		}
	}
}