{
	"credit": "Made with Blockbench",
	"textures": {
		"0": "custom/block/paper_1",
		"particle": "custom/block/paper_1"
	},
	"elements": [
		{
			"from": [-1, 0.2, 1],
			"to": [12, 0.2, 16],
			"rotation": {"angle": -45, "axis": "y", "origin": [7, 8.2, 12]},
			"faces": {
				"north": {"uv": [0, 0, 8, 0], "texture": "#0"},
				"east": {"uv": [0, 0, 11, 0], "texture": "#0"},
				"south": {"uv": [0, 0, 8, 0], "texture": "#0"},
				"west": {"uv": [0, 0, 11, 0], "texture": "#0"},
				"up": {"uv": [0, 0, 13, 15], "texture": "#0"},
				"down": {"uv": [0, 0, 8, 11], "texture": "#0"}
			}
		}
	],
	"display": {
		"firstperson_righthand": {
			"translation": [0, 4, 0]
		},
		"gui": {
			"rotation": [45, 0, 0],
			"translation": [0, 3, 0]
		}
	}
}