{
	"credit": "Made with Blockbench",
	"textures": {
		"0": "custom/block/paper",
		"particle": "custom/block/paper"
	},
	"elements": [
		{
			"from": [5, 0.1, 0],
			"to": [13, 1.1, 11],
			"rotation": {"angle": 22.5, "axis": "y", "origin": [13, 8.1, 8]},
			"faces": {
				"north": {"uv": [0, 11, 8, 12], "texture": "#0"},
				"east": {"uv": [8, 0, 9, 11], "rotation": 90, "texture": "#0"},
				"south": {"uv": [0, 11, 8, 12], "texture": "#0"},
				"west": {"uv": [8, 0, 9, 11], "rotation": 90, "texture": "#0"},
				"up": {"uv": [0, 0, 8, 11], "texture": "#0"},
				"down": {"uv": [0, 0, 8, 11], "texture": "#0"}
			}
		},
		{
			"from": [5, 1.1, -1],
			"to": [13, 2.1, 10],
			"rotation": {"angle": 45, "axis": "y", "origin": [13, 9.1, 7]},
			"faces": {
				"north": {"uv": [0, 11, 8, 12], "texture": "#0"},
				"east": {"uv": [8, 0, 9, 11], "rotation": 90, "texture": "#0"},
				"south": {"uv": [0, 11, 8, 12], "texture": "#0"},
				"west": {"uv": [8, 0, 9, 11], "rotation": 90, "texture": "#0"},
				"up": {"uv": [0, 0, 8, 11], "texture": "#0"},
				"down": {"uv": [0, 0, 8, 11], "texture": "#0"}
			}
		}
	],
	"display": {
		"firstperson_righthand": {
			"translation": [0, 4, 0]
		},
		"gui": {
			"rotation": [45, 0, 0],
			"translation": [0, 3, 0]
		}
	}
}