{
  "pools": [
    {
      "rolls": 1,
      "entries": [
        {
          "type": "minecraft:item",
          "name": "minecraft:flower_banner_pattern"
        },
        {
          "type": "minecraft:item",
          "name": "minecraft:globe_banner_pattern"
        },
        {
          "type": "minecraft:item",
          "name": "minecraft:piglin_banner_pattern"
        },
        {
          "type": "minecraft:item",
          "name": "minecraft:creeper_banner_pattern"
        },
        {
          "type": "minecraft:item",
          "name": "minecraft:skull_banner_pattern"
        },
        {
          "type": "minecraft:item",
          "name": "minecraft:mojang_banner_pattern"
        }
      ]
    }
  ]
}