{
	"credit": "Made with Blockbench",
	"textures": {
		"0": "block/green_plants/9",
		"particle": "block/green_plants/9"
	},
	"elements": [
		{
			"from": [0, 0.1, 0],
			"to": [16, 0.1, 16],
			"rotation": {"angle": 0, "axis": "y", "origin": [8, 8.1, 8]},
			"faces": {
				"north": {"uv": [0, 0, 16, 0], "texture": "#missing"},
				"east": {"uv": [0, 0, 16, 0], "texture": "#missing"},
				"south": {"uv": [0, 0, 16, 0], "texture": "#missing"},
				"west": {"uv": [0, 0, 16, 0], "texture": "#missing"},
				"up": {"uv": [0, 0, 16, 16], "texture": "#0"},
				"down": {"uv": [0, 0, 16, 16], "texture": "#0"}
			}
		}
	],
	"gui_light": "front",
	"display": {
		"gui": {
			"rotation": [90, 0, 0]
		}
	}
}