{
	"credit": "Made with Blockbench",
	"texture_size": [32, 32],
	"textures": {
		"0": "block/lightning_rod",
		"particle": "block/lightning_rod"
	},
	"elements": [
		{
			"from": [2, 0, 2],
			"to": [14, 1, 14],
			"faces": {
				"north": {"uv": [6, 0.5, 0, 0], "texture": "#0"},
				"east": {"uv": [6, 0.5, 0, 0], "texture": "#0"},
				"south": {"uv": [6, 0.5, 0, 0], "texture": "#0"},
				"west": {"uv": [6, 0.5, 0, 0], "texture": "#0"},
				"up": {"uv": [6, 6, 0, 0], "texture": "#0"},
				"down": {"uv": [6, 6, 0, 0], "texture": "#0"}
			}
		},
		{
			"from": [4, 1, 4],
			"to": [12, 6, 12],
			"faces": {
				"north": {"uv": [10, 2, 14, 4.5], "texture": "#0"},
				"east": {"uv": [10, 4.5, 14, 7], "texture": "#0"},
				"south": {"uv": [6, 10, 10, 12.5], "texture": "#0"},
				"west": {"uv": [10, 7, 14, 9.5], "texture": "#0"},
				"up": {"uv": [10, 6, 6, 2], "texture": "#0"},
				"down": {"uv": [10, 6, 6, 10], "texture": "#0"}
			}
		},
		{
			"from": [5, 6, 5],
			"to": [11, 12, 11],
			"faces": {
				"north": {"uv": [10, 9.5, 13, 12.5], "texture": "#0"},
				"east": {"uv": [0, 12, 3, 15], "texture": "#0"},
				"south": {"uv": [3, 12, 6, 15], "texture": "#0"},
				"west": {"uv": [6, 12.5, 9, 15.5], "texture": "#0"},
				"up": {"uv": [12, 15.5, 9, 12.5], "texture": "#0"},
				"down": {"uv": [15, 12.5, 12, 15.5], "texture": "#0"}
			}
		},
		{
			"from": [6, 12, 6],
			"to": [10, 17, 10],
			"faces": {
				"north": {"uv": [13, 9.5, 15, 12], "texture": "#0"},
				"east": {"uv": [14, 0, 16, 2.5], "texture": "#0"},
				"south": {"uv": [14, 2.5, 16, 5], "texture": "#0"},
				"west": {"uv": [14, 5, 16, 7.5], "texture": "#0"},
				"up": {"uv": [14, 2, 12, 0], "texture": "#0"},
				"down": {"uv": [16, 7.5, 14, 9.5], "texture": "#0"}
			}
		}
	],
	"display": {
		"thirdperson_righthand": {
			"rotation": [71, 54, -16],
			"translation": [0, 0.25, -1],
			"scale": [0.6, 0.6, 0.6]
		},
		"thirdperson_lefthand": {
			"rotation": [71, 54, -16],
			"translation": [0, 0.25, -1],
			"scale": [0.6, 0.6, 0.6]
		},
		"ground": {
			"translation": [0, 1.75, 0],
			"scale": [0.6, 0.6, 0.6]
		},
		"gui": {
			"rotation": [40, 45, 0],
			"translation": [0, 1, 0],
			"scale": [0.75, 0.75, 0.75]
		},
		"head": {
			"translation": [0, 14.25, 0]
		},
		"fixed": {
			"rotation": [-90, 0, 0],
			"translation": [0, 0, -13.25],
			"scale": [1.66, 1.66, 1.66]
		}
	}
}