{
	"credit": "Made with Blockbench",
	"texture_size": [48, 48],
	"textures": {
		"2": "block/rail",
		"particle": "block/rail"
	},
	"elements": [
		{
			"from": [-1, -2, 6],
			"to": [2, 16, 8],
			"rotation": {"angle": 22.5, "axis": "x", "origin": [1, 16, 8]},
			"faces": {
				"north": {"uv": [2.66667, 15, 8.66667, 16], "rotation": 90, "texture": "#2"},
				"east": {"uv": [2.66667, 15, 8.66667, 14.33333], "rotation": 90, "texture": "#2"},
				"south": {"uv": [2.66667, 15, 8.66667, 16], "rotation": 90, "texture": "#2"},
				"west": {"uv": [2.66667, 14.33333, 8.66667, 15], "rotation": 90, "texture": "#2"},
				"up": {"uv": [8, 8.33333, 7.33333, 9.33333], "rotation": 90, "texture": "#2"},
				"down": {"uv": [7.33333, 9.33333, 8, 8.33333], "rotation": 90, "texture": "#2"}
			}
		},
		{
			"from": [14, -2, 6],
			"to": [17, 16, 8],
			"rotation": {"angle": 22.5, "axis": "x", "origin": [0, 16, 8]},
			"faces": {
				"north": {"uv": [2.66667, 15, 8.66667, 16], "rotation": 90, "texture": "#2"},
				"east": {"uv": [2.66667, 15, 8.66667, 14.33333], "rotation": 90, "texture": "#2"},
				"south": {"uv": [2.66667, 15, 8.66667, 16], "rotation": 90, "texture": "#2"},
				"west": {"uv": [2.66667, 14.33333, 8.66667, 15], "rotation": 90, "texture": "#2"},
				"up": {"uv": [8, 9.33333, 7.33333, 8.33333], "rotation": 90, "texture": "#2"},
				"down": {"uv": [7.33333, 9.33333, 8, 8.33333], "rotation": 90, "texture": "#2"}
			}
		},
		{
			"from": [-3, 10, 5],
			"to": [19, 15, 6],
			"rotation": {"angle": 22.5, "axis": "x", "origin": [0, 16, 8]},
			"faces": {
				"north": {"uv": [8.66667, 14.33333, 16, 16], "texture": "#2"},
				"east": {"uv": [2.33333, 14.33333, 2.66667, 16], "texture": "#2"},
				"south": {"uv": [8.66667, 14.33333, 16, 16], "texture": "#2"},
				"west": {"uv": [2.33333, 14.33333, 2.66667, 16], "texture": "#2"},
				"up": {"uv": [8.66667, 14.33333, 16, 14.66667], "texture": "#2"},
				"down": {"uv": [8.66667, 14.33333, 16, 14.66667], "texture": "#2"}
			}
		},
		{
			"from": [-3, 3, 5],
			"to": [19, 8, 6],
			"rotation": {"angle": 22.5, "axis": "x", "origin": [0, 16, 8]},
			"faces": {
				"north": {"uv": [8.66667, 14.33333, 16, 16], "texture": "#2"},
				"east": {"uv": [2.33333, 14.33333, 2.66667, 16], "texture": "#2"},
				"south": {"uv": [8.66667, 14.33333, 16, 16], "texture": "#2"},
				"west": {"uv": [2.33333, 14.33333, 2.66667, 16], "texture": "#2"},
				"up": {"uv": [8.66667, 14.33333, 16, 14.66667], "texture": "#2"},
				"down": {"uv": [8.66667, 14.33333, 16, 14.66667], "texture": "#2"}
			}
		},
		{
			"from": [14, -2, 8],
			"to": [17, 16, 10],
			"rotation": {"angle": -22.5, "axis": "x", "origin": [16, 16, 8]},
			"faces": {
				"north": {"uv": [2.66667, 15, 8.66667, 16], "rotation": 90, "texture": "#2"},
				"east": {"uv": [2.66667, 14.33333, 8.66667, 15], "rotation": 90, "texture": "#2"},
				"south": {"uv": [2.66667, 15, 8.66667, 16], "rotation": 90, "texture": "#2"},
				"west": {"uv": [2.66667, 15, 8.66667, 14.33333], "rotation": 90, "texture": "#2"},
				"up": {"uv": [7.33333, 9.33333, 8, 8.33333], "rotation": 90, "texture": "#2"},
				"down": {"uv": [7.33333, 9.33333, 8, 8.33333], "rotation": 90, "texture": "#2"}
			}
		},
		{
			"from": [-1, -2, 8],
			"to": [2, 16, 10],
			"rotation": {"angle": -22.5, "axis": "x", "origin": [17, 16, 8]},
			"faces": {
				"north": {"uv": [2.66667, 15, 8.66667, 16], "rotation": 90, "texture": "#2"},
				"east": {"uv": [2.66667, 14.33333, 8.66667, 15], "rotation": 90, "texture": "#2"},
				"south": {"uv": [2.66667, 15, 8.66667, 16], "rotation": 90, "texture": "#2"},
				"west": {"uv": [2.66667, 15, 8.66667, 14.33333], "rotation": 90, "texture": "#2"},
				"up": {"uv": [7.33333, 8.33333, 8, 9.33333], "rotation": 90, "texture": "#2"},
				"down": {"uv": [7.33333, 9.33333, 8, 8.33333], "rotation": 90, "texture": "#2"}
			}
		},
		{
			"from": [-3, 10, 10],
			"to": [19, 15, 11],
			"rotation": {"angle": -22.5, "axis": "x", "origin": [16, 16, 8]},
			"faces": {
				"north": {"uv": [8.66667, 14.33333, 16, 16], "texture": "#2"},
				"east": {"uv": [2.33333, 14.33333, 2.66667, 16], "texture": "#2"},
				"south": {"uv": [8.66667, 14.33333, 16, 16], "texture": "#2"},
				"west": {"uv": [2.33333, 14.33333, 2.66667, 16], "texture": "#2"},
				"up": {"uv": [8.66667, 14.33333, 16, 14.66667], "rotation": 180, "texture": "#2"},
				"down": {"uv": [8.66667, 14.33333, 16, 14.66667], "rotation": 180, "texture": "#2"}
			}
		},
		{
			"from": [-3, 3, 10],
			"to": [19, 8, 11],
			"rotation": {"angle": -22.5, "axis": "x", "origin": [16, 16, 8]},
			"faces": {
				"north": {"uv": [8.66667, 14.33333, 16, 16], "texture": "#2"},
				"east": {"uv": [2.33333, 14.33333, 2.66667, 16], "texture": "#2"},
				"south": {"uv": [8.66667, 14.33333, 16, 16], "texture": "#2"},
				"west": {"uv": [2.33333, 14.33333, 2.66667, 16], "texture": "#2"},
				"up": {"uv": [8.66667, 14.33333, 16, 14.66667], "rotation": 180, "texture": "#2"},
				"down": {"uv": [8.66667, 14.33333, 16, 14.66667], "rotation": 180, "texture": "#2"}
			}
		}
	],
	"display": {
		"thirdperson_righthand": {
			"rotation": [75, 45, 0],
			"translation": [0, 2.5, 0],
			"scale": [0.375, 0.375, 0.375]
		},
		"thirdperson_lefthand": {
			"rotation": [75, 45, 0],
			"translation": [0, 2.5, 0],
			"scale": [0.375, 0.375, 0.375]
		},
		"firstperson_righthand": {
			"rotation": [0, 45, 0],
			"scale": [0.4, 0.4, 0.4]
		},
		"firstperson_lefthand": {
			"rotation": [0, 225, 0],
			"scale": [0.4, 0.4, 0.4]
		},
		"ground": {
			"translation": [0, 3, 0],
			"scale": [0.25, 0.25, 0.25]
		},
		"gui": {
			"rotation": [35, 135, 0],
			"translation": [0.25, 0.5, 0],
			"scale": [0.45, 0.45, 0.45]
		},
		"head": {
			"translation": [0, 19.2, 0],
			"scale": [1.6, 1.6, 1.6]
		},
		"fixed": {
			"rotation": [-90, 0, 0],
			"translation": [0, 0, -14],
			"scale": [2, 2, 2]
		}
	}
}