{
	"credit": "Made with Blockbench",
	"textures": {
		"0": "block/deepslate_bricks",
		"particle": "block/deepslate_bricks"
	},
	"elements": [
		{
			"from": [3, 0, 9],
			"to": [11, 3, 13],
			"rotation": {"angle": -22.5, "axis": "y", "origin": [8, 8, 9]},
			"faces": {
				"north": {"uv": [8, 4, 15, 7], "texture": "#0"},
				"east": {"uv": [5, 0, 9, 3], "texture": "#0"},
				"south": {"uv": [8, 4, 15, 7], "texture": "#0"},
				"west": {"uv": [11, 4, 15, 7], "texture": "#0"},
				"up": {"uv": [8, 4, 15, 7], "texture": "#0"},
				"down": {"uv": [0, 0, 11, 4], "texture": "#0"}
			}
		},
		{
			"from": [11, 0, 2],
			"to": [15, 3, 10],
			"rotation": {"angle": 22.5, "axis": "y", "origin": [15, 8, 7]},
			"faces": {
				"north": {"uv": [11, 4, 15, 7], "texture": "#0"},
				"east": {"uv": [8, 4, 15, 7], "texture": "#0"},
				"south": {"uv": [5, 0, 9, 3], "texture": "#0"},
				"west": {"uv": [8, 4, 15, 7], "texture": "#0"},
				"up": {"uv": [8, 4, 15, 7], "rotation": 90, "texture": "#0"},
				"down": {"uv": [0, 0, 11, 4], "rotation": 270, "texture": "#0"}
			}
		},
		{
			"from": [5, 0, -1],
			"to": [9, 3, 7],
			"rotation": {"angle": -22.5, "axis": "x", "origin": [5, 8, 2]},
			"faces": {
				"north": {"uv": [5, 0, 9, 3], "texture": "#0"},
				"east": {"uv": [8, 4, 15, 7], "texture": "#0"},
				"south": {"uv": [11, 4, 15, 7], "texture": "#0"},
				"west": {"uv": [8, 4, 15, 7], "texture": "#0"},
				"up": {"uv": [8, 4, 15, 7], "rotation": 270, "texture": "#0"},
				"down": {"uv": [0, 0, 11, 4], "rotation": 90, "texture": "#0"}
			}
		}
	],
	"display": {
		"gui": {
			"rotation": [60, 0, 0],
			"translation": [0, 2.5, 0]
		}
	}
}