{
	"credit": "Made with Blockbench",
	"textures": {
		"0": "block/oak_log",
		"1": "block/vines_2",
		"2": "block/oak_log_top",
		"particle": "block/oak_log"
	},
	"elements": [
		{
			"from": [5, 0.1, 5],
			"to": [8, 0.1, 8],
			"rotation": {"angle": -22.5, "axis": "y", "origin": [-1, 0, 1]},
			"faces": {
				"north": {"uv": [0, 0, 4, 0], "texture": "#0"},
				"east": {"uv": [0, 0, 4, 0], "texture": "#0"},
				"south": {"uv": [0, 0, 4, 0], "texture": "#0"},
				"west": {"uv": [0, 0, 4, 0], "texture": "#0"},
				"up": {"uv": [3, 11, 6, 14], "texture": "#1"},
				"down": {"uv": [3, 11, 6, 14], "rotation": 180, "texture": "#1"}
			}
		},
		{
			"from": [1, 0.1, 9],
			"to": [4, 0.1, 12],
			"rotation": {"angle": 45, "axis": "y", "origin": [-1, 0, 1]},
			"faces": {
				"north": {"uv": [0, 0, 4, 0], "texture": "#0"},
				"east": {"uv": [0, 0, 4, 0], "texture": "#0"},
				"south": {"uv": [0, 0, 4, 0], "texture": "#0"},
				"west": {"uv": [0, 0, 4, 0], "texture": "#0"},
				"up": {"uv": [3, 11, 6, 14], "rotation": 270, "texture": "#1"},
				"down": {"uv": [3, 11, 6, 14], "rotation": 270, "texture": "#1"}
			}
		},
		{
			"from": [6, 0.1, 8],
			"to": [7, 0.1, 9],
			"rotation": {"angle": -22.5, "axis": "y", "origin": [-1, 0, 1]},
			"faces": {
				"north": {"uv": [0, 0, 4, 0], "texture": "#0"},
				"east": {"uv": [0, 0, 4, 0], "texture": "#0"},
				"south": {"uv": [0, 0, 4, 0], "texture": "#0"},
				"west": {"uv": [0, 0, 4, 0], "texture": "#0"},
				"up": {"uv": [4, 14, 5, 15], "texture": "#1"},
				"down": {"uv": [4, 14, 5, 15], "rotation": 180, "texture": "#1"}
			}
		},
		{
			"from": [4, 0.1, 10],
			"to": [5, 0.1, 11],
			"rotation": {"angle": 45, "axis": "y", "origin": [-1, 0, 1]},
			"faces": {
				"north": {"uv": [0, 0, 4, 0], "texture": "#0"},
				"east": {"uv": [0, 0, 4, 0], "texture": "#0"},
				"south": {"uv": [0, 0, 4, 0], "texture": "#0"},
				"west": {"uv": [0, 0, 4, 0], "texture": "#0"},
				"up": {"uv": [4, 14, 5, 15], "rotation": 270, "texture": "#1"},
				"down": {"uv": [4, 14, 5, 15], "rotation": 270, "texture": "#1"}
			}
		},
		{
			"from": [6, 0.1, 4],
			"to": [7, 0.1, 5],
			"rotation": {"angle": -22.5, "axis": "y", "origin": [-1, 0, 1]},
			"faces": {
				"north": {"uv": [0, 0, 4, 0], "texture": "#0"},
				"east": {"uv": [0, 0, 4, 0], "texture": "#0"},
				"south": {"uv": [0, 0, 4, 0], "texture": "#0"},
				"west": {"uv": [0, 0, 4, 0], "texture": "#0"},
				"up": {"uv": [4, 10, 5, 11], "texture": "#1"},
				"down": {"uv": [4, 10, 5, 11], "rotation": 180, "texture": "#1"}
			}
		},
		{
			"from": [0, 0.1, 10],
			"to": [1, 0.1, 11],
			"rotation": {"angle": 45, "axis": "y", "origin": [-1, 0, 1]},
			"faces": {
				"north": {"uv": [0, 0, 4, 0], "texture": "#0"},
				"east": {"uv": [0, 0, 4, 0], "texture": "#0"},
				"south": {"uv": [0, 0, 4, 0], "texture": "#0"},
				"west": {"uv": [0, 0, 4, 0], "texture": "#0"},
				"up": {"uv": [4, 10, 5, 11], "rotation": 270, "texture": "#1"},
				"down": {"uv": [4, 10, 5, 11], "rotation": 270, "texture": "#1"}
			}
		},
		{
			"from": [-1, 0, 3],
			"to": [0, 1, 15],
			"rotation": {"angle": 45, "axis": "y", "origin": [-1, 0, 1]},
			"faces": {
				"north": {"uv": [7, 7, 8, 8], "texture": "#2"},
				"east": {"uv": [0, 0, 12, 1], "texture": "#0"},
				"south": {"uv": [7, 7, 8, 8], "texture": "#2"},
				"west": {"uv": [0, 0, 12, 1], "texture": "#0"},
				"up": {"uv": [0, 0, 1, 12], "texture": "#0"},
				"down": {"uv": [0, 0, 1, 12], "texture": "#0"}
			}
		},
		{
			"from": [15, 0, 0],
			"to": [16, 1, 9],
			"rotation": {"angle": -22.5, "axis": "y", "origin": [0, 0, 0]},
			"faces": {
				"north": {"uv": [5, 4, 6, 5], "texture": "#2"},
				"east": {"uv": [0, 0, 9, 1], "texture": "#0"},
				"south": {"uv": [6, 7, 7, 8], "texture": "#2"},
				"west": {"uv": [0, 0, 9, 1], "texture": "#0"},
				"up": {"uv": [0, 0, 1, 9], "texture": "#0"},
				"down": {"uv": [0, 0, 1, 9], "texture": "#0"}
			}
		},
		{
			"from": [11, 0, 7],
			"to": [14, 0.75, 8],
			"faces": {
				"north": {"uv": [0, 0, 3, 0.75], "texture": "#0"},
				"east": {"uv": [0, 0, 1, 0.75], "texture": "#0"},
				"south": {"uv": [0, 0, 3, 0.75], "texture": "#2"},
				"west": {"uv": [7, 7, 8, 7.75], "texture": "#2"},
				"up": {"uv": [0, 0, 3, 1], "texture": "#0"},
				"down": {"uv": [0, 0, 3, 1], "texture": "#0"}
			}
		}
	]
}