{
	"credit": "Made with Blockbench",
	"textures": {
		"0": "block/oak_log",
		"1": "block/oak_planks",
		"particle": "block/oak_log"
	},
	"elements": [
		{
			"from": [1, 0, 3],
			"to": [2, 1, 16],
			"rotation": {"angle": -22.5, "axis": "y", "origin": [9, 8, 15]},
			"faces": {
				"north": {"uv": [0, 0, 1, 1], "texture": "#1"},
				"east": {"uv": [0, 0, 13, 1], "texture": "#0"},
				"south": {"uv": [0, 0, 1, 1], "texture": "#1"},
				"west": {"uv": [0, 0, 13, 1], "texture": "#0"},
				"up": {"uv": [4, 0, 5, 13], "texture": "#0"},
				"down": {"uv": [0, 0, 1, 13], "texture": "#0"}
			}
		},
		{
			"from": [9, 0, 10],
			"to": [18, 1, 11],
			"rotation": {"angle": -22.5, "axis": "y", "origin": [18, 8, 4]},
			"faces": {
				"north": {"uv": [0, 0, 9, 1], "texture": "#0"},
				"east": {"uv": [0, 0, 1, 1], "texture": "#1"},
				"south": {"uv": [0, 0, 9, 1], "texture": "#0"},
				"west": {"uv": [0, 0, 1, 1], "texture": "#1"},
				"up": {"uv": [10, 2, 11, 11], "rotation": 270, "texture": "#0"},
				"down": {"uv": [0, 0, 1, 9], "rotation": 90, "texture": "#0"}
			}
		},
		{
			"from": [7, 0, 9],
			"to": [11, 0.75, 9.75],
			"rotation": {"angle": 22.5, "axis": "y", "origin": [11, 8, 3]},
			"faces": {
				"north": {"uv": [0, 0, 4, 0.75], "texture": "#0"},
				"east": {"uv": [0, 0, 0.75, 0.75], "texture": "#0"},
				"south": {"uv": [0, 0, 4, 0.75], "texture": "#0"},
				"west": {"uv": [0, 0, 0.75, 0.75], "texture": "#1"},
				"up": {"uv": [0, 0, 0.75, 4], "rotation": 270, "texture": "#0"},
				"down": {"uv": [0, 0, 0.75, 4], "rotation": 90, "texture": "#0"}
			}
		}
	],
	"display": {
		"gui": {
			"rotation": [60, 0, 0],
			"translation": [0, 2.5, 0]
		}
	}
}