{
    "variants": {
        "": [
		{ "model": "block/warped_button/stick_0" , "weight":4 },
		{ "model": "block/warped_button/stick_0", "y": 90, "weight":4 },
		{ "model": "block/warped_button/stick_0", "y": 180, "weight":4 },
		{ "model": "block/warped_button/stick_0", "y": 270, "weight":4 },
		{ "model": "block/warped_button/stick_1" , "weight":4 },
		{ "model": "block/warped_button/stick_1", "y": 90, "weight":4 },
		{ "model": "block/warped_button/stick_1", "y": 180, "weight":4 },
		{ "model": "block/warped_button/stick_1", "y": 270, "weight":4 },
		{ "model": "block/warped_button/stick_2" , "weight":4 },
		{ "model": "block/warped_button/stick_2", "y": 90, "weight":4 },
		{ "model": "block/warped_button/stick_2", "y": 180, "weight":4 },
		{ "model": "block/warped_button/stick_2", "y": 270, "weight":4 }
		]
    }
}
