{
    "variants": {
        "": [
		{ "model": "block/white_tulip/paper_0" , "weight":4},
		{ "model": "block/white_tulip/paper_0", "y": 90, "weight":4 },
		{ "model": "block/white_tulip/paper_0", "y": 180, "weight":4 },
		{ "model": "block/white_tulip/paper_0", "y": 270, "weight":4 },
		{ "model": "block/white_tulip/paper_1" , "weight":4},
		{ "model": "block/white_tulip/paper_1", "y": 90, "weight":4 },
		{ "model": "block/white_tulip/paper_1", "y": 180, "weight":4 },
		{ "model": "block/white_tulip/paper_1", "y": 270, "weight":4 },
		{ "model": "block/white_tulip/paper_2" , "weight":4},
		{ "model": "block/white_tulip/paper_2", "y": 90, "weight":4 },
		{ "model": "block/white_tulip/paper_2", "y": 180, "weight":4 },
		{ "model": "block/white_tulip/paper_2", "y": 270, "weight":4 },
		{ "model": "block/white_tulip/book_0" },
		{ "model": "block/white_tulip/book_0", "y": 90 },
		{ "model": "block/white_tulip/book_0", "y": 180 },
		{ "model": "block/white_tulip/book_0", "y": 270 },
		{ "model": "block/white_tulip/book_1" },
		{ "model": "block/white_tulip/book_1", "y": 90 },
		{ "model": "block/white_tulip/book_1", "y": 180 },
		{ "model": "block/white_tulip/book_1", "y": 270 },
		{ "model": "block/white_tulip/book_2" },
		{ "model": "block/white_tulip/book_2", "y": 90 },
		{ "model": "block/white_tulip/book_2", "y": 180 },
		{ "model": "block/white_tulip/book_2", "y": 270 }
		]
    }
}
